Sequence,Best Hit,e-value
XP_018224050.1,XP_018224123.1,0.0
XP_018224050.1,XP_018221136.1,2.45e-18
XP_018224103.1,XP_018220412.1,0.0
XP_018224103.1,XP_018222771.1,0.0
XP_018224103.1,XP_018219681.1,0.0
XP_018224103.1,XP_018222871.1,2.94e-173
XP_018224103.1,XP_018222634.1,4.04e-18
XP_018224123.1,XP_018221131.1,1.37e-99
XP_018223461.1,XP_018222853.1,0.0
XP_018223461.1,XP_018219937.1,0.0
XP_018223461.1,XP_018218769.1,0.0
XP_018223462.1,XP_018222850.1,0.0
XP_018223462.1,XP_018218767.1,0.0
XP_018223462.1,XP_018219939.1,0.0
XP_018223463.1,XP_018218751.1,2.62e-105
XP_018223463.1,XP_018220373.1,7.75e-59
XP_018223482.1,XP_018222784.1,2.46e-153
XP_018223493.1,XP_018222770.1,0.0
XP_018223516.1,XP_018223517.1,0.0
XP_018223530.1,XP_018223124.1,1.97e-172
XP_018223544.1,XP_018219837.1,1.07e-131
XP_018223557.1,XP_018223775.1,0.0
XP_018223558.1,XP_018223774.1,1.05e-176
XP_018223567.1,XP_018219846.1,3.88e-160
XP_018223568.1,XP_018219845.1,0.0
XP_018223586.1,XP_018223074.1,0.0
XP_018223599.1,XP_018223089.1,0.0
XP_018223606.1,XP_018223094.1,2.22e-172
XP_018223610.1,XP_018223102.1,0.0
XP_018223617.1,XP_018223108.1,4.04e-157
XP_018223628.1,XP_018223121.1,8.08e-53
XP_018223662.1,XP_018222830.1,0.0
XP_018223666.1,XP_018222840.1,2.79e-180
XP_018223697.1,XP_018220540.1,1.55e-95
XP_018223854.1,XP_018221847.1,0.0
XP_018223884.1,XP_018221877.1,1.29e-12
XP_018223918.1,XP_018220732.1,7.00e-13
XP_018223921.1,XP_018219352.1,0.0
XP_018223949.1,XP_018222613.1,0.0
XP_018223971.1,XP_018220042.1,2.42e-158
XP_018223974.1,XP_018220040.1,6.48e-92
XP_018224022.1,XP_018220597.1,0.0
XP_018223325.1,XP_018222632.1,1.51e-103
XP_018223326.1,XP_018223411.1,0.0
XP_018223327.1,XP_018223412.1,0.0
XP_018223327.1,XP_018223459.1,0.0
XP_018223328.1,XP_018223413.1,0.0
XP_018223405.1,XP_018221152.1,0.0
XP_018223412.1,XP_018223459.1,0.0
XP_018223439.1,XP_018219899.1,1.18e-76
XP_018223454.1,XP_018219916.1,1.33e-133
XP_018223460.1,XP_018221133.1,0.0
XP_018222871.1,XP_018219681.1,0.0
XP_018222871.1,XP_018220412.1,0.0
XP_018222905.1,XP_018222952.1,0.0
XP_018222909.1,XP_018222954.1,0.0
XP_018222913.1,XP_018222957.1,0.0
XP_018223002.1,XP_018221749.1,6.31e-19
XP_018223017.1,XP_018220777.1,4.97e-62
XP_018223130.1,XP_018219072.1,6.71e-58
XP_018223154.1,XP_018219094.1,0.0
XP_018223212.1,XP_018218943.1,0.0
XP_018223220.1,XP_018218952.1,1.94e-60
XP_018223221.1,XP_018218953.1,0.0
XP_018223247.1,XP_018222170.1,0.0
XP_018222597.1,XP_018221457.1,0.0
XP_018222618.1,XP_018220469.1,2.31e-123
XP_018222618.1,XP_018220411.1,2.96e-122
XP_018222618.1,XP_018222679.1,1.07e-121
XP_018222618.1,XP_018222483.1,1.10e-106
XP_018222618.1,XP_018219924.1,3.85e-106
XP_018222631.1,XP_018221349.1,0.0
XP_018222634.1,XP_018220412.1,2.37e-25
XP_018222674.1,XP_018221794.1,1.32e-143
XP_018222674.1,XP_018220947.1,1.95e-27
XP_018222679.1,XP_018220469.1,9.94e-177
XP_018222679.1,XP_018222483.1,4.66e-170
XP_018222679.1,XP_018219924.1,7.92e-138
XP_018222679.1,XP_018220411.1,1.75e-134
XP_018222679.1,XP_018222857.1,4.80e-125
XP_018222679.1,XP_018222027.1,6.53e-124
XP_018222679.1,XP_018222855.1,6.20e-124
XP_018222679.1,XP_018220839.1,2.23e-123
XP_018222679.1,XP_018221446.1,2.38e-52
XP_018222724.1,XP_018222729.1,0.0
XP_018222724.1,XP_018222728.1,0.0
XP_018222728.1,XP_018222729.1,0.0
XP_018222731.1,XP_018221558.1,0.0
XP_018222742.1,XP_018221547.1,0.0
XP_018222749.1,XP_018221542.1,0.0
XP_018222771.1,XP_018220412.1,0.0
XP_018222797.1,XP_018222058.1,4.69e-135
XP_018222849.1,XP_018218768.1,0.0
XP_018222850.1,XP_018218767.1,0.0
XP_018222850.1,XP_018219939.1,0.0
XP_018222853.1,XP_018219937.1,0.0
XP_018222853.1,XP_018218769.1,0.0
XP_018222854.1,XP_018222856.1,0.0
XP_018222855.1,XP_018220839.1,0.0
XP_018222855.1,XP_018222857.1,0.0
XP_018222855.1,XP_018219924.1,1.70e-139
XP_018222855.1,XP_018222483.1,4.93e-130
XP_018222855.1,XP_018220411.1,1.78e-119
XP_018222855.1,XP_018220469.1,6.51e-114
XP_018222855.1,XP_018221446.1,1.10e-55
XP_018222857.1,XP_018220839.1,0.0
XP_018222857.1,XP_018219924.1,1.32e-140
XP_018222857.1,XP_018222483.1,3.81e-131
XP_018222857.1,XP_018220411.1,1.38e-120
XP_018222857.1,XP_018220469.1,5.03e-115
XP_018222857.1,XP_018221446.1,8.49e-57
XP_018222489.1,XP_018220388.1,6.80e-129
XP_018222490.1,XP_018221136.1,0.0
XP_018222490.1,XP_018221131.1,1.49e-39
XP_018222491.1,XP_018221667.1,0.0
XP_018222491.1,XP_018222484.1,0.0
XP_018222526.1,XP_018221597.1,0.0
XP_018222532.1,XP_018219006.1,6.60e-37
XP_018222546.1,XP_018220666.1,0.0
XP_018222566.1,XP_018221589.1,4.05e-69
XP_018222595.1,XP_018219936.1,0.0
XP_018222595.1,XP_018221450.1,0.0
XP_018221993.1,XP_018222487.1,0.0
XP_018221993.1,XP_018221456.1,0.0
XP_018221994.1,XP_018221453.1,0.0
XP_018221999.1,XP_018222488.1,0.0
XP_018221999.1,XP_018219197.1,0.0
XP_018221999.1,XP_018219747.1,0.0
XP_018222027.1,XP_018222483.1,2.95e-132
XP_018222027.1,XP_018220469.1,6.38e-129
XP_018222027.1,XP_018219924.1,3.82e-111
XP_018222027.1,XP_018220411.1,1.82e-104
XP_018222086.1,XP_018222187.1,0.0
XP_018222094.1,XP_018219808.1,0.0
XP_018222106.1,XP_018218822.1,0.0
XP_018222194.1,XP_018222356.1,0.0
XP_018222216.1,XP_018218991.1,0.0
XP_018222245.1,XP_018220728.1,1.94e-143
XP_018222249.1,XP_018220734.1,0.0
XP_018222295.1,XP_018219110.1,0.0
XP_018222297.1,XP_018220559.1,0.0
XP_018222326.1,XP_018219136.1,0.0
XP_018222332.1,XP_018219148.1,0.0
XP_018222345.1,XP_018219157.1,0.0
XP_018222396.1,XP_018221321.1,0.0
XP_018222396.1,XP_018221271.1,0.0
XP_018222418.1,XP_018220479.1,0.0
XP_018222454.1,XP_018221952.1,0.0
XP_018222456.1,XP_018221959.1,0.0
XP_018222483.1,XP_018220469.1,9.94e-177
XP_018222483.1,XP_018220839.1,1.71e-129
XP_018222483.1,XP_018219924.1,2.89e-127
XP_018222483.1,XP_018220411.1,2.29e-123
XP_018222483.1,XP_018221446.1,1.85e-48
XP_018222484.1,XP_018221667.1,0.0
XP_018222485.1,XP_018218772.1,0.0
XP_018222485.1,XP_018220369.1,0.0
XP_018222486.1,XP_018218771.1,0.0
XP_018222486.1,XP_018220370.1,1.40e-175
XP_018222487.1,XP_018221456.1,0.0
XP_018222488.1,XP_018219197.1,0.0
XP_018219199.1,XP_018221135.1,0.0
XP_018219206.1,XP_018220395.1,0.0
XP_018219236.1,XP_018221031.1,0.0
XP_018219318.1,XP_018219780.1,0.0
XP_018219328.1,XP_018219772.1,0.0
XP_018219384.1,XP_018220671.1,6.07e-62
XP_018219398.1,XP_018220696.1,0.0
XP_018219412.1,XP_018218916.1,0.0
XP_018219439.1,XP_018218894.1,4.69e-55
XP_018219488.1,XP_018221496.1,1.54e-144
XP_018219491.1,XP_018220278.1,1.84e-143
XP_018219509.1,XP_018220290.1,3.28e-177
XP_018221475.1,XP_018220586.1,3.94e-77
XP_018221489.1,XP_018219806.1,1.64e-111
XP_018221499.1,XP_018219809.1,0.0
XP_018221539.1,XP_018220147.1,0.0
XP_018221593.1,XP_018221795.1,6.05e-99
XP_018221164.1,XP_018220874.1,0.0
XP_018221180.1,XP_018220888.1,1.55e-59
XP_018221197.1,XP_018221090.1,0.0
XP_018221271.1,XP_018221321.1,0.0
XP_018221288.1,XP_018220412.1,4.71e-82
XP_018221369.1,XP_018220855.1,0.0
XP_018221393.1,XP_018219065.1,1.03e-110
XP_018221443.1,XP_018221981.1,0.0
XP_018221446.1,XP_018220411.1,1.50e-60
XP_018221446.1,XP_018220839.1,1.47e-55
XP_018221446.1,XP_018219924.1,6.91e-54
XP_018221446.1,XP_018220469.1,4.27e-51
XP_018221450.1,XP_018219936.1,0.0
XP_018221452.1,XP_018219930.1,0.0
XP_018220888.1,XP_018220889.1,1.72e-84
XP_018220921.1,XP_018220161.1,0.0
XP_018220387.1,XP_018220111.1,0.0
XP_018220411.1,XP_018220469.1,3.76e-141
XP_018220411.1,XP_018219924.1,4.77e-135
XP_018220411.1,XP_018220839.1,6.25e-119
XP_018220412.1,XP_018219681.1,0.0
XP_018220462.1,XP_018220176.1,0.0
XP_018220469.1,XP_018219924.1,1.72e-134
XP_018220469.1,XP_018220839.1,2.26e-113
XP_018220475.1,XP_018220559.1,0.0
XP_018220510.1,XP_018220511.1,0.0
XP_018220510.1,XP_018221876.1,0.0
XP_018220511.1,XP_018221876.1,0.0
XP_018220628.1,XP_018220629.1,0.0
XP_018220646.1,XP_018220757.1,0.0
XP_018220646.1,XP_018220756.1,8.61e-119
XP_018220756.1,XP_018220757.1,3.13e-143
XP_018220824.1,XP_018220008.1,0.0
XP_018220828.1,XP_018219998.1,0.0
XP_018220830.1,XP_018219995.1,0.0
XP_018220839.1,XP_018219924.1,6.13e-139
XP_018219937.1,XP_018218769.1,0.0
XP_018219939.1,XP_018218767.1,0.0
XP_018219940.1,XP_018218768.1,0.0
XP_018219950.1,XP_018219986.1,0.0
XP_018219997.1,XP_018221813.1,0.0
XP_018220070.1,XP_018220071.1,0.0
XP_018220141.1,XP_018220350.1,1.48e-104
XP_018220217.1,XP_018220218.1,0.0
XP_018220233.1,XP_018218802.1,0.0
XP_018220241.1,XP_018218792.1,7.06e-97
XP_018220350.1,XP_018221708.1,0.0
XP_018220365.1,XP_018220366.1,6.99e-75
XP_018220369.1,XP_018218772.1,0.0
XP_018220370.1,XP_018218771.1,0.0
XP_018220372.1,XP_018221991.1,0.0
XP_018220373.1,XP_018218751.1,1.30e-58
XP_018219596.1,XP_018221676.1,1.77e-148
XP_018219841.1,XP_018219842.1,2.28e-174
XP_018219841.1,XP_018219858.1,4.96e-171
XP_018219842.1,XP_018219858.1,0.0
XP_018219843.1,XP_018219857.1,0.0
XP_018221736.1,XP_018218785.1,0.0
XP_018221793.1,XP_018221794.1,1.08e-104
XP_018221876.1,XP_018221877.1,0.0
XP_018221876.1,XP_018221878.1,4.97e-156
XP_018221877.1,XP_018221878.1,0.0
DI49_0054,DI49_4914,6.19e-49
DI49_0054,DI49_4699,2.88e-47
DI49_0054,DI49_4687,2.88e-47
DI49_0054,DI49_1635,2.88e-47
DI49_0054,DI49_2548,2.90e-42
DI49_0054,DI49_4051,2.92e-37
DI49_0054,DI49_3505,1.38e-35
DI49_0054,DI49_2389,6.33e-34
DI49_0054,DI49_5158,6.33e-34
DI49_0067,DI49_3564,5.10e-33
DI49_0067,DI49_5108,5.10e-33
DI49_0067,DI49_2115,5.10e-33
DI49_0067,DI49_1481,5.10e-33
DI49_0074,DI49_4419,5.93e-38
DI49_0074,DI49_4084,5.93e-38
DI49_0074,DI49_3538,5.93e-38
DI49_0074,DI49_3054,5.93e-38
DI49_0074,DI49_2818,5.93e-38
DI49_0074,DI49_4864,5.93e-38
DI49_0074,DI49_2002,5.93e-38
DI49_0074,DI49_1359,5.93e-38
DI49_0074,DI49_1046,5.93e-38
DI49_0074,DI49_0840,5.93e-38
DI49_0074,DI49_0592,5.93e-38
DI49_0074,DI49_0177,5.93e-38
DI49_0074,DI49_0694,2.76e-36
DI49_0081,DI49_5687,4.73e-39
DI49_0081,DI49_4788,4.73e-39
DI49_0081,DI49_3916,4.73e-39
DI49_0081,DI49_3192,4.73e-39
DI49_0081,DI49_3011,4.73e-39
DI49_0081,DI49_1933,4.73e-39
DI49_0081,DI49_1085,4.73e-39
DI49_0089,DI49_5486,8.84e-42
DI49_0089,DI49_5457,8.84e-42
DI49_0089,DI49_2529,8.84e-42
DI49_0089,DI49_1660,8.84e-42
DI49_0089,DI49_2475,4.11e-40
DI49_0089,DI49_1939,4.11e-40
DI49_0089,DI49_4130,1.91e-38
DI49_0089,DI49_0495,8.90e-37
DI49_0089,DI49_4603,4.14e-35
DI49_0166,DI49_5614,1.45e-33
DI49_0166,DI49_5587,1.45e-33
DI49_0166,DI49_4720,1.45e-33
DI49_0166,DI49_4701,1.45e-33
DI49_0166,DI49_3948,1.45e-33
DI49_0166,DI49_3808,1.45e-33
DI49_0166,DI49_2703,1.45e-33
DI49_0166,DI49_2690,1.45e-33
DI49_0166,DI49_2085,1.45e-33
DI49_0166,DI49_1591,1.45e-33
DI49_0166,DI49_1544,1.45e-33
DI49_0166,DI49_0302,1.45e-33
DI49_0167,DI49_5603,6.35e-32
DI49_0167,DI49_5464,6.35e-32
DI49_0167,DI49_2379,6.35e-32
DI49_0167,DI49_2349,6.35e-32
DI49_0167,DI49_4047,6.35e-32
DI49_0167,DI49_3060,6.35e-32
DI49_0167,DI49_2996,6.35e-32
DI49_0167,DI49_2185,6.35e-32
DI49_0167,DI49_2139,6.35e-32
DI49_0167,DI49_1673,6.35e-32
DI49_0167,DI49_1344,6.35e-32
DI49_0167,DI49_0871,6.35e-32
DI49_0167,DI49_0765,6.35e-32
DI49_0167,DI49_0442,6.35e-32
DI49_0177,DI49_4419,5.93e-38
DI49_0177,DI49_4084,5.93e-38
DI49_0177,DI49_3538,5.93e-38
DI49_0177,DI49_3054,5.93e-38
DI49_0177,DI49_2818,5.93e-38
DI49_0177,DI49_4864,5.93e-38
DI49_0177,DI49_2002,5.93e-38
DI49_0177,DI49_1359,5.93e-38
DI49_0177,DI49_1046,5.93e-38
DI49_0177,DI49_0840,5.93e-38
DI49_0177,DI49_0592,5.93e-38
DI49_0177,DI49_0694,2.76e-36
DI49_0192,DI49_2415,5.10e-33
DI49_0192,DI49_2300,5.10e-33
DI49_0192,DI49_4802,5.10e-33
DI49_0192,DI49_4690,5.10e-33
DI49_0192,DI49_4466,5.10e-33
DI49_0192,DI49_2833,5.10e-33
DI49_0192,DI49_2764,5.10e-33
DI49_0192,DI49_2684,5.10e-33
DI49_0192,DI49_4855,5.10e-33
DI49_0192,DI49_1044,5.10e-33
DI49_0221,DI49_1074,1.45e-33
DI49_0232,DI49_2421,1.80e-32
DI49_0232,DI49_3680,1.80e-32
DI49_0232,DI49_1449,1.80e-32
DI49_0232,DI49_0780,1.80e-32
DI49_0232,DI49_0360,1.80e-32
DI49_0232,DI49_0294,1.80e-32
DI49_0232,DI49_1374,5.04e-28
DI49_0232,DI49_1087,5.04e-28
DI49_0232,DI49_4357,1.81e-27
DI49_0253,DI49_4323,1.80e-32
DI49_0253,DI49_3227,1.80e-32
DI49_0253,DI49_2980,1.80e-32
DI49_0253,DI49_2128,1.80e-32
DI49_0253,DI49_2083,1.80e-32
DI49_0253,DI49_1916,1.80e-32
DI49_0253,DI49_1386,1.80e-32
DI49_0253,DI49_1113,1.80e-32
DI49_0253,DI49_2971,2.33e-31
DI49_0253,DI49_4020,1.08e-29
DI49_0254,DI49_4675,1.80e-32
DI49_0254,DI49_4187,1.80e-32
DI49_0254,DI49_3665,1.80e-32
DI49_0254,DI49_3410,1.80e-32
DI49_0254,DI49_3067,1.80e-32
DI49_0254,DI49_2979,1.80e-32
DI49_0254,DI49_2972,1.80e-32
DI49_0254,DI49_2769,1.80e-32
DI49_0254,DI49_2763,1.80e-32
DI49_0254,DI49_4966,1.80e-32
DI49_0254,DI49_1992,1.80e-32
DI49_0254,DI49_1986,1.80e-32
DI49_0254,DI49_1114,1.80e-32
DI49_0254,DI49_3835,2.33e-31
DI49_0254,DI49_2907,8.38e-31
DI49_0286,DI49_2410,5.10e-33
DI49_0286,DI49_3639,5.10e-33
DI49_0286,DI49_3399,5.10e-33
DI49_0286,DI49_1571,5.10e-33
DI49_0286,DI49_2918,1.10e-29
DI49_0294,DI49_2421,1.80e-32
DI49_0294,DI49_3680,1.80e-32
DI49_0294,DI49_1449,1.80e-32
DI49_0294,DI49_0780,1.80e-32
DI49_0294,DI49_0360,1.80e-32
DI49_0294,DI49_1374,5.04e-28
DI49_0294,DI49_1087,5.04e-28
DI49_0294,DI49_4357,1.81e-27
DI49_0302,DI49_5614,1.45e-33
DI49_0302,DI49_5587,1.45e-33
DI49_0302,DI49_4720,1.45e-33
DI49_0302,DI49_4701,1.45e-33
DI49_0302,DI49_3948,1.45e-33
DI49_0302,DI49_3808,1.45e-33
DI49_0302,DI49_2703,1.45e-33
DI49_0302,DI49_2690,1.45e-33
DI49_0302,DI49_2085,1.45e-33
DI49_0302,DI49_1591,1.45e-33
DI49_0302,DI49_1544,1.45e-33
DI49_0360,DI49_2421,1.80e-32
DI49_0360,DI49_3680,1.80e-32
DI49_0360,DI49_1449,1.80e-32
DI49_0360,DI49_0780,1.80e-32
DI49_0360,DI49_1374,5.04e-28
DI49_0360,DI49_1087,5.04e-28
DI49_0360,DI49_4357,1.81e-27
DI49_0395,DI49_3743,2.22e-64
DI49_0423,DI49_2382,8.47e-42
DI49_0423,DI49_4370,8.47e-42
DI49_0423,DI49_4038,8.47e-42
DI49_0423,DI49_3069,8.47e-42
DI49_0423,DI49_2970,8.47e-42
DI49_0423,DI49_1686,8.47e-42
DI49_0423,DI49_1669,8.47e-42
DI49_0442,DI49_5603,6.35e-32
DI49_0442,DI49_5464,6.35e-32
DI49_0442,DI49_2379,6.35e-32
DI49_0442,DI49_2349,6.35e-32
DI49_0442,DI49_4047,6.35e-32
DI49_0442,DI49_3060,6.35e-32
DI49_0442,DI49_2996,6.35e-32
DI49_0442,DI49_2185,6.35e-32
DI49_0442,DI49_2139,6.35e-32
DI49_0442,DI49_1673,6.35e-32
DI49_0442,DI49_1344,6.35e-32
DI49_0442,DI49_0871,6.35e-32
DI49_0442,DI49_0765,6.35e-32
DI49_0456,DI49_2698,1.80e-32
DI49_0456,DI49_5287,8.44e-26
DI49_0456,DI49_4098,8.44e-26
DI49_0456,DI49_3837,8.44e-26
DI49_0456,DI49_3216,8.44e-26
DI49_0456,DI49_2866,8.44e-26
DI49_0456,DI49_2786,8.44e-26
DI49_0456,DI49_1990,8.44e-26
DI49_0456,DI49_1915,8.44e-26
DI49_0456,DI49_1879,8.44e-26
DI49_0456,DI49_1567,8.44e-26
DI49_0456,DI49_1503,8.44e-26
DI49_0456,DI49_1407,8.44e-26
DI49_0456,DI49_1235,8.44e-26
DI49_0456,DI49_0732,8.44e-26
DI49_0484,DI49_2588,1.10e-29
DI49_0495,DI49_5486,1.91e-38
DI49_0495,DI49_5457,1.91e-38
DI49_0495,DI49_4603,1.91e-38
DI49_0495,DI49_1939,1.91e-38
DI49_0495,DI49_2529,8.90e-37
DI49_0495,DI49_4130,8.90e-37
DI49_0495,DI49_1660,8.90e-37
DI49_0495,DI49_2475,4.14e-35
DI49_0520,DI49_2374,2.12e-48
DI49_0520,DI49_3830,2.12e-48
DI49_0520,DI49_1677,2.12e-48
DI49_0527,DI49_4243,5.10e-33
DI49_0527,DI49_3009,5.10e-33
DI49_0527,DI49_2991,5.10e-33
DI49_0527,DI49_5155,5.10e-33
DI49_0540,DI49_5468,5.10e-33
DI49_0540,DI49_4195,5.10e-33
DI49_0540,DI49_3251,5.10e-33
DI49_0540,DI49_3005,5.10e-33
DI49_0540,DI49_2749,5.10e-33
DI49_0540,DI49_2155,5.10e-33
DI49_0540,DI49_1807,5.10e-33
DI49_0540,DI49_1779,5.10e-33
DI49_0540,DI49_1696,5.10e-33
DI49_0540,DI49_1539,5.10e-33
DI49_0540,DI49_1371,5.10e-33
DI49_0540,DI49_0768,5.10e-33
DI49_0540,DI49_0612,5.10e-33
DI49_0592,DI49_4419,5.93e-38
DI49_0592,DI49_4084,5.93e-38
DI49_0592,DI49_3538,5.93e-38
DI49_0592,DI49_3054,5.93e-38
DI49_0592,DI49_2818,5.93e-38
DI49_0592,DI49_4864,5.93e-38
DI49_0592,DI49_2002,5.93e-38
DI49_0592,DI49_1359,5.93e-38
DI49_0592,DI49_1046,5.93e-38
DI49_0592,DI49_0840,5.93e-38
DI49_0592,DI49_0694,2.76e-36
DI49_0612,DI49_5468,5.10e-33
DI49_0612,DI49_4195,5.10e-33
DI49_0612,DI49_3251,5.10e-33
DI49_0612,DI49_3005,5.10e-33
DI49_0612,DI49_2749,5.10e-33
DI49_0612,DI49_2155,5.10e-33
DI49_0612,DI49_1807,5.10e-33
DI49_0612,DI49_1779,5.10e-33
DI49_0612,DI49_1696,5.10e-33
DI49_0612,DI49_1539,5.10e-33
DI49_0612,DI49_1371,5.10e-33
DI49_0612,DI49_0768,5.10e-33
DI49_0669,DI49_5686,1.14e-56
DI49_0669,DI49_4803,1.14e-56
DI49_0669,DI49_4207,1.14e-56
DI49_0669,DI49_3757,1.14e-56
DI49_0669,DI49_3382,1.14e-56
DI49_0669,DI49_0735,5.31e-55
DI49_0669,DI49_4635,8.70e-53
DI49_0669,DI49_2147,3.26e-52
DI49_0669,DI49_1927,4.05e-51
DI49_0669,DI49_1818,4.05e-51
DI49_0694,DI49_4419,2.76e-36
DI49_0694,DI49_4084,2.76e-36
DI49_0694,DI49_3538,2.76e-36
DI49_0694,DI49_3054,2.76e-36
DI49_0694,DI49_2818,2.76e-36
DI49_0694,DI49_4864,2.76e-36
DI49_0694,DI49_2002,2.76e-36
DI49_0694,DI49_1359,2.76e-36
DI49_0694,DI49_1046,2.76e-36
DI49_0694,DI49_0840,2.76e-36
DI49_0732,DI49_5287,1.80e-32
DI49_0732,DI49_4098,1.80e-32
DI49_0732,DI49_3837,1.80e-32
DI49_0732,DI49_3216,1.80e-32
DI49_0732,DI49_2866,1.80e-32
DI49_0732,DI49_2786,1.80e-32
DI49_0732,DI49_1990,1.80e-32
DI49_0732,DI49_1915,1.80e-32
DI49_0732,DI49_1879,1.80e-32
DI49_0732,DI49_1567,1.80e-32
DI49_0732,DI49_1503,1.80e-32
DI49_0732,DI49_1407,1.80e-32
DI49_0732,DI49_1235,1.80e-32
DI49_0732,DI49_2698,8.44e-26
DI49_0735,DI49_5686,5.31e-55
DI49_0735,DI49_4803,5.31e-55
DI49_0735,DI49_4207,5.31e-55
DI49_0735,DI49_3757,5.31e-55
DI49_0735,DI49_3382,5.31e-55
DI49_0735,DI49_4635,8.70e-53
DI49_0735,DI49_1927,4.05e-51
DI49_0735,DI49_1818,4.05e-51
DI49_0735,DI49_2147,1.52e-50
DI49_0755,DI49_4736,1.80e-32
DI49_0757,DI49_5581,1.45e-33
DI49_0757,DI49_2350,1.45e-33
DI49_0757,DI49_4737,1.45e-33
DI49_0757,DI49_4464,1.45e-33
DI49_0757,DI49_3922,1.45e-33
DI49_0757,DI49_3185,1.45e-33
DI49_0757,DI49_4925,1.45e-33
DI49_0757,DI49_2080,1.45e-33
DI49_0757,DI49_1651,1.45e-33
DI49_0765,DI49_5603,6.35e-32
DI49_0765,DI49_5464,6.35e-32
DI49_0765,DI49_2379,6.35e-32
DI49_0765,DI49_2349,6.35e-32
DI49_0765,DI49_4047,6.35e-32
DI49_0765,DI49_3060,6.35e-32
DI49_0765,DI49_2996,6.35e-32
DI49_0765,DI49_2185,6.35e-32
DI49_0765,DI49_2139,6.35e-32
DI49_0765,DI49_1673,6.35e-32
DI49_0765,DI49_1344,6.35e-32
DI49_0765,DI49_0871,6.35e-32
DI49_0768,DI49_5468,5.10e-33
DI49_0768,DI49_4195,5.10e-33
DI49_0768,DI49_3251,5.10e-33
DI49_0768,DI49_3005,5.10e-33
DI49_0768,DI49_2749,5.10e-33
DI49_0768,DI49_2155,5.10e-33
DI49_0768,DI49_1807,5.10e-33
DI49_0768,DI49_1779,5.10e-33
DI49_0768,DI49_1696,5.10e-33
DI49_0768,DI49_1539,5.10e-33
DI49_0768,DI49_1371,5.10e-33
DI49_0769,DI49_5351,1.80e-32
DI49_0769,DI49_3050,1.80e-32
DI49_0769,DI49_5023,1.80e-32
DI49_0769,DI49_1364,1.80e-32
DI49_0780,DI49_2421,1.80e-32
DI49_0780,DI49_3680,1.80e-32
DI49_0780,DI49_1449,1.80e-32
DI49_0780,DI49_1374,5.04e-28
DI49_0780,DI49_1087,5.04e-28
DI49_0780,DI49_4357,1.81e-27
DI49_0808,DI49_5523,2.84e-16
DI49_0808,DI49_2724,2.84e-16
DI49_0808,DI49_1470,2.84e-16
DI49_0808,DI49_1142,2.84e-16
DI49_0840,DI49_4419,5.93e-38
DI49_0840,DI49_4084,5.93e-38
DI49_0840,DI49_3538,5.93e-38
DI49_0840,DI49_3054,5.93e-38
DI49_0840,DI49_2818,5.93e-38
DI49_0840,DI49_4864,5.93e-38
DI49_0840,DI49_2002,5.93e-38
DI49_0840,DI49_1359,5.93e-38
DI49_0840,DI49_1046,5.93e-38
DI49_0871,DI49_5603,6.35e-32
DI49_0871,DI49_5464,6.35e-32
DI49_0871,DI49_2379,6.35e-32
DI49_0871,DI49_2349,6.35e-32
DI49_0871,DI49_4047,6.35e-32
DI49_0871,DI49_3060,6.35e-32
DI49_0871,DI49_2996,6.35e-32
DI49_0871,DI49_2185,6.35e-32
DI49_0871,DI49_2139,6.35e-32
DI49_0871,DI49_1673,6.35e-32
DI49_0871,DI49_1344,6.35e-32
DI49_1008,DI49_5564,4.25e-45
DI49_1008,DI49_3878,4.25e-45
DI49_1008,DI49_3443,4.25e-45
DI49_1008,DI49_4900,4.25e-45
DI49_1008,DI49_2067,4.25e-45
DI49_1008,DI49_1776,4.25e-45
DI49_1031,DI49_5601,5.10e-33
DI49_1031,DI49_5415,5.10e-33
DI49_1031,DI49_2428,5.10e-33
DI49_1031,DI49_4333,5.10e-33
DI49_1031,DI49_4111,5.10e-33
DI49_1031,DI49_3767,5.10e-33
DI49_1031,DI49_3412,5.10e-33
DI49_1031,DI49_3260,5.10e-33
DI49_1031,DI49_2905,5.10e-33
DI49_1031,DI49_2104,5.10e-33
DI49_1031,DI49_1683,5.10e-33
DI49_1044,DI49_2415,5.10e-33
DI49_1044,DI49_2300,5.10e-33
DI49_1044,DI49_4802,5.10e-33
DI49_1044,DI49_4690,5.10e-33
DI49_1044,DI49_4466,5.10e-33
DI49_1044,DI49_2833,5.10e-33
DI49_1044,DI49_2764,5.10e-33
DI49_1044,DI49_2684,5.10e-33
DI49_1044,DI49_4855,5.10e-33
DI49_1046,DI49_4419,5.93e-38
DI49_1046,DI49_4084,5.93e-38
DI49_1046,DI49_3538,5.93e-38
DI49_1046,DI49_3054,5.93e-38
DI49_1046,DI49_2818,5.93e-38
DI49_1046,DI49_4864,5.93e-38
DI49_1046,DI49_2002,5.93e-38
DI49_1046,DI49_1359,5.93e-38
DI49_1085,DI49_5687,4.73e-39
DI49_1085,DI49_4788,4.73e-39
DI49_1085,DI49_3916,4.73e-39
DI49_1085,DI49_3192,4.73e-39
DI49_1085,DI49_3011,4.73e-39
DI49_1085,DI49_1933,4.73e-39
DI49_1087,DI49_1374,1.80e-32
DI49_1087,DI49_2421,5.04e-28
DI49_1087,DI49_3680,5.04e-28
DI49_1087,DI49_1449,5.04e-28
DI49_1087,DI49_4357,5.08e-23
DI49_1113,DI49_4323,1.80e-32
DI49_1113,DI49_3227,1.80e-32
DI49_1113,DI49_2980,1.80e-32
DI49_1113,DI49_2128,1.80e-32
DI49_1113,DI49_2083,1.80e-32
DI49_1113,DI49_1916,1.80e-32
DI49_1113,DI49_1386,1.80e-32
DI49_1113,DI49_2971,2.33e-31
DI49_1113,DI49_4020,1.08e-29
DI49_1114,DI49_4675,1.80e-32
DI49_1114,DI49_4187,1.80e-32
DI49_1114,DI49_3665,1.80e-32
DI49_1114,DI49_3410,1.80e-32
DI49_1114,DI49_3067,1.80e-32
DI49_1114,DI49_2979,1.80e-32
DI49_1114,DI49_2972,1.80e-32
DI49_1114,DI49_2769,1.80e-32
DI49_1114,DI49_2763,1.80e-32
DI49_1114,DI49_4966,1.80e-32
DI49_1114,DI49_1992,1.80e-32
DI49_1114,DI49_1986,1.80e-32
DI49_1114,DI49_3835,2.33e-31
DI49_1114,DI49_2907,8.38e-31
DI49_1142,DI49_5523,5.93e-38
DI49_1142,DI49_2724,5.93e-38
DI49_1142,DI49_1470,5.93e-38
DI49_1234,DI49_5400,1.80e-32
DI49_1234,DI49_2070,1.80e-32
DI49_1234,DI49_5567,8.38e-31
DI49_1235,DI49_5287,1.80e-32
DI49_1235,DI49_4098,1.80e-32
DI49_1235,DI49_3837,1.80e-32
DI49_1235,DI49_3216,1.80e-32
DI49_1235,DI49_2866,1.80e-32
DI49_1235,DI49_2786,1.80e-32
DI49_1235,DI49_1990,1.80e-32
DI49_1235,DI49_1915,1.80e-32
DI49_1235,DI49_1879,1.80e-32
DI49_1235,DI49_1567,1.80e-32
DI49_1235,DI49_1503,1.80e-32
DI49_1235,DI49_1407,1.80e-32
DI49_1235,DI49_2698,8.44e-26
DI49_1344,DI49_5603,6.35e-32
DI49_1344,DI49_5464,6.35e-32
DI49_1344,DI49_2379,6.35e-32
DI49_1344,DI49_2349,6.35e-32
DI49_1344,DI49_4047,6.35e-32
DI49_1344,DI49_3060,6.35e-32
DI49_1344,DI49_2996,6.35e-32
DI49_1344,DI49_2185,6.35e-32
DI49_1344,DI49_2139,6.35e-32
DI49_1344,DI49_1673,6.35e-32
DI49_1359,DI49_4419,5.93e-38
DI49_1359,DI49_4084,5.93e-38
DI49_1359,DI49_3538,5.93e-38
DI49_1359,DI49_3054,5.93e-38
DI49_1359,DI49_2818,5.93e-38
DI49_1359,DI49_4864,5.93e-38
DI49_1359,DI49_2002,5.93e-38
DI49_1364,DI49_5351,1.80e-32
DI49_1364,DI49_3050,1.80e-32
DI49_1364,DI49_5023,1.80e-32
DI49_1371,DI49_5468,5.10e-33
DI49_1371,DI49_4195,5.10e-33
DI49_1371,DI49_3251,5.10e-33
DI49_1371,DI49_3005,5.10e-33
DI49_1371,DI49_2749,5.10e-33
DI49_1371,DI49_2155,5.10e-33
DI49_1371,DI49_1807,5.10e-33
DI49_1371,DI49_1779,5.10e-33
DI49_1371,DI49_1696,5.10e-33
DI49_1371,DI49_1539,5.10e-33
DI49_1374,DI49_2421,5.04e-28
DI49_1374,DI49_3680,5.04e-28
DI49_1374,DI49_1449,5.04e-28
DI49_1374,DI49_4357,5.08e-23
DI49_1386,DI49_4323,1.80e-32
DI49_1386,DI49_3227,1.80e-32
DI49_1386,DI49_2980,1.80e-32
DI49_1386,DI49_2128,1.80e-32
DI49_1386,DI49_2083,1.80e-32
DI49_1386,DI49_1916,1.80e-32
DI49_1386,DI49_2971,2.33e-31
DI49_1386,DI49_4020,1.08e-29
DI49_1407,DI49_5287,1.80e-32
DI49_1407,DI49_4098,1.80e-32
DI49_1407,DI49_3837,1.80e-32
DI49_1407,DI49_3216,1.80e-32
DI49_1407,DI49_2866,1.80e-32
DI49_1407,DI49_2786,1.80e-32
DI49_1407,DI49_1990,1.80e-32
DI49_1407,DI49_1915,1.80e-32
DI49_1407,DI49_1879,1.80e-32
DI49_1407,DI49_1567,1.80e-32
DI49_1407,DI49_1503,1.80e-32
DI49_1407,DI49_2698,8.44e-26
DI49_1424,DI49_4134,1.80e-32
DI49_1424,DI49_3306,1.80e-32
DI49_1424,DI49_4825,1.80e-32
DI49_1424,DI49_1875,1.80e-32
DI49_1424,DI49_1774,1.80e-32
DI49_1424,DI49_1537,1.80e-32
DI49_1449,DI49_2421,1.80e-32
DI49_1449,DI49_3680,1.80e-32
DI49_1449,DI49_4357,1.81e-27
DI49_1470,DI49_5523,5.93e-38
DI49_1470,DI49_2724,5.93e-38
DI49_1481,DI49_3564,5.10e-33
DI49_1481,DI49_5108,5.10e-33
DI49_1481,DI49_2115,5.10e-33
DI49_1503,DI49_5287,1.80e-32
DI49_1503,DI49_4098,1.80e-32
DI49_1503,DI49_3837,1.80e-32
DI49_1503,DI49_3216,1.80e-32
DI49_1503,DI49_2866,1.80e-32
DI49_1503,DI49_2786,1.80e-32
DI49_1503,DI49_1990,1.80e-32
DI49_1503,DI49_1915,1.80e-32
DI49_1503,DI49_1879,1.80e-32
DI49_1503,DI49_1567,1.80e-32
DI49_1503,DI49_2698,8.44e-26
DI49_1537,DI49_4134,1.80e-32
DI49_1537,DI49_3306,1.80e-32
DI49_1537,DI49_4825,1.80e-32
DI49_1537,DI49_1875,1.80e-32
DI49_1537,DI49_1774,1.80e-32
DI49_1539,DI49_5468,5.10e-33
DI49_1539,DI49_4195,5.10e-33
DI49_1539,DI49_3251,5.10e-33
DI49_1539,DI49_3005,5.10e-33
DI49_1539,DI49_2749,5.10e-33
DI49_1539,DI49_2155,5.10e-33
DI49_1539,DI49_1807,5.10e-33
DI49_1539,DI49_1779,5.10e-33
DI49_1539,DI49_1696,5.10e-33
DI49_1541,DI49_4248,1.45e-33
DI49_1541,DI49_4166,1.45e-33
DI49_1541,DI49_4139,1.45e-33
DI49_1541,DI49_3782,1.45e-33
DI49_1541,DI49_3339,1.45e-33
DI49_1541,DI49_3303,1.45e-33
DI49_1541,DI49_2983,1.45e-33
DI49_1541,DI49_5010,1.45e-33
DI49_1541,DI49_4840,1.45e-33
DI49_1541,DI49_2125,1.45e-33
DI49_1541,DI49_1921,1.45e-33
DI49_1541,DI49_1754,1.45e-33
DI49_1541,DI49_1559,1.45e-33
DI49_1544,DI49_5614,1.45e-33
DI49_1544,DI49_5587,1.45e-33
DI49_1544,DI49_4720,1.45e-33
DI49_1544,DI49_4701,1.45e-33
DI49_1544,DI49_3948,1.45e-33
DI49_1544,DI49_3808,1.45e-33
DI49_1544,DI49_2703,1.45e-33
DI49_1544,DI49_2690,1.45e-33
DI49_1544,DI49_2085,1.45e-33
DI49_1544,DI49_1591,1.45e-33
DI49_1559,DI49_4248,1.45e-33
DI49_1559,DI49_4166,1.45e-33
DI49_1559,DI49_4139,1.45e-33
DI49_1559,DI49_3782,1.45e-33
DI49_1559,DI49_3339,1.45e-33
DI49_1559,DI49_3303,1.45e-33
DI49_1559,DI49_2983,1.45e-33
DI49_1559,DI49_5010,1.45e-33
DI49_1559,DI49_4840,1.45e-33
DI49_1559,DI49_2125,1.45e-33
DI49_1559,DI49_1921,1.45e-33
DI49_1559,DI49_1754,1.45e-33
DI49_1567,DI49_5287,1.80e-32
DI49_1567,DI49_4098,1.80e-32
DI49_1567,DI49_3837,1.80e-32
DI49_1567,DI49_3216,1.80e-32
DI49_1567,DI49_2866,1.80e-32
DI49_1567,DI49_2786,1.80e-32
DI49_1567,DI49_1990,1.80e-32
DI49_1567,DI49_1915,1.80e-32
DI49_1567,DI49_1879,1.80e-32
DI49_1567,DI49_2698,8.44e-26
DI49_1568,DI49_5211,3.74e-51
DI49_1568,DI49_3301,3.74e-51
DI49_1568,DI49_1856,3.74e-51
DI49_1568,DI49_4141,6.19e-49
DI49_1568,DI49_3006,2.88e-47
DI49_1568,DI49_2157,1.34e-45
DI49_1571,DI49_2410,5.10e-33
DI49_1571,DI49_3639,5.10e-33
DI49_1571,DI49_3399,5.10e-33
DI49_1571,DI49_2918,1.10e-29
DI49_1591,DI49_5614,1.45e-33
DI49_1591,DI49_5587,1.45e-33
DI49_1591,DI49_4720,1.45e-33
DI49_1591,DI49_4701,1.45e-33
DI49_1591,DI49_3948,1.45e-33
DI49_1591,DI49_3808,1.45e-33
DI49_1591,DI49_2703,1.45e-33
DI49_1591,DI49_2690,1.45e-33
DI49_1591,DI49_2085,1.45e-33
DI49_1635,DI49_4699,1.33e-50
DI49_1635,DI49_4687,1.33e-50
DI49_1635,DI49_4914,6.19e-49
DI49_1635,DI49_2548,2.90e-42
DI49_1635,DI49_4051,2.92e-37
DI49_1635,DI49_2389,1.36e-35
DI49_1635,DI49_3505,1.38e-35
DI49_1635,DI49_5158,2.94e-32
DI49_1651,DI49_5581,1.45e-33
DI49_1651,DI49_2350,1.45e-33
DI49_1651,DI49_4737,1.45e-33
DI49_1651,DI49_4464,1.45e-33
DI49_1651,DI49_3922,1.45e-33
DI49_1651,DI49_3185,1.45e-33
DI49_1651,DI49_4925,1.45e-33
DI49_1651,DI49_2080,1.45e-33
DI49_1660,DI49_2529,1.90e-43
DI49_1660,DI49_5486,8.84e-42
DI49_1660,DI49_5457,8.84e-42
DI49_1660,DI49_2475,8.84e-42
DI49_1660,DI49_4130,4.11e-40
DI49_1660,DI49_1939,4.11e-40
DI49_1660,DI49_4603,8.90e-37
DI49_1669,DI49_2382,8.47e-42
DI49_1669,DI49_4370,8.47e-42
DI49_1669,DI49_4038,8.47e-42
DI49_1669,DI49_3069,8.47e-42
DI49_1669,DI49_2970,8.47e-42
DI49_1669,DI49_1686,8.47e-42
DI49_1673,DI49_5603,6.35e-32
DI49_1673,DI49_5464,6.35e-32
DI49_1673,DI49_2379,6.35e-32
DI49_1673,DI49_2349,6.35e-32
DI49_1673,DI49_4047,6.35e-32
DI49_1673,DI49_3060,6.35e-32
DI49_1673,DI49_2996,6.35e-32
DI49_1673,DI49_2185,6.35e-32
DI49_1673,DI49_2139,6.35e-32
DI49_1677,DI49_2374,2.12e-48
DI49_1677,DI49_3830,2.12e-48
DI49_1683,DI49_5601,5.10e-33
DI49_1683,DI49_5415,5.10e-33
DI49_1683,DI49_2428,5.10e-33
DI49_1683,DI49_4333,5.10e-33
DI49_1683,DI49_4111,5.10e-33
DI49_1683,DI49_3767,5.10e-33
DI49_1683,DI49_3412,5.10e-33
DI49_1683,DI49_3260,5.10e-33
DI49_1683,DI49_2905,5.10e-33
DI49_1683,DI49_2104,5.10e-33
DI49_1686,DI49_2382,8.47e-42
DI49_1686,DI49_4370,8.47e-42
DI49_1686,DI49_4038,8.47e-42
DI49_1686,DI49_3069,8.47e-42
DI49_1686,DI49_2970,8.47e-42
DI49_1696,DI49_5468,5.10e-33
DI49_1696,DI49_4195,5.10e-33
DI49_1696,DI49_3251,5.10e-33
DI49_1696,DI49_3005,5.10e-33
DI49_1696,DI49_2749,5.10e-33
DI49_1696,DI49_2155,5.10e-33
DI49_1696,DI49_1807,5.10e-33
DI49_1696,DI49_1779,5.10e-33
DI49_1754,DI49_4248,1.45e-33
DI49_1754,DI49_4166,1.45e-33
DI49_1754,DI49_4139,1.45e-33
DI49_1754,DI49_3782,1.45e-33
DI49_1754,DI49_3339,1.45e-33
DI49_1754,DI49_3303,1.45e-33
DI49_1754,DI49_2983,1.45e-33
DI49_1754,DI49_5010,1.45e-33
DI49_1754,DI49_4840,1.45e-33
DI49_1754,DI49_2125,1.45e-33
DI49_1754,DI49_1921,1.45e-33
DI49_1774,DI49_4134,1.80e-32
DI49_1774,DI49_3306,1.80e-32
DI49_1774,DI49_4825,1.80e-32
DI49_1774,DI49_1875,1.80e-32
DI49_1776,DI49_5564,4.25e-45
DI49_1776,DI49_3878,4.25e-45
DI49_1776,DI49_3443,4.25e-45
DI49_1776,DI49_4900,4.25e-45
DI49_1776,DI49_2067,4.25e-45
DI49_1779,DI49_5468,5.10e-33
DI49_1779,DI49_4195,5.10e-33
DI49_1779,DI49_3251,5.10e-33
DI49_1779,DI49_3005,5.10e-33
DI49_1779,DI49_2749,5.10e-33
DI49_1779,DI49_2155,5.10e-33
DI49_1779,DI49_1807,5.10e-33
DI49_1807,DI49_5468,5.10e-33
DI49_1807,DI49_4195,5.10e-33
DI49_1807,DI49_3251,5.10e-33
DI49_1807,DI49_3005,5.10e-33
DI49_1807,DI49_2749,5.10e-33
DI49_1807,DI49_2155,5.10e-33
DI49_1818,DI49_4635,6.72e-54
DI49_1818,DI49_1927,3.13e-52
DI49_1818,DI49_5686,4.13e-51
DI49_1818,DI49_4803,4.13e-51
DI49_1818,DI49_4207,4.13e-51
DI49_1818,DI49_3757,4.13e-51
DI49_1818,DI49_3382,4.13e-51
DI49_1818,DI49_2147,1.18e-46
DI49_1856,DI49_5211,3.74e-51
DI49_1856,DI49_3301,3.74e-51
DI49_1856,DI49_4141,6.19e-49
DI49_1856,DI49_3006,2.88e-47
DI49_1856,DI49_2157,1.34e-45
DI49_1875,DI49_4134,1.80e-32
DI49_1875,DI49_3306,1.80e-32
DI49_1875,DI49_4825,1.80e-32
DI49_1879,DI49_5287,1.80e-32
DI49_1879,DI49_4098,1.80e-32
DI49_1879,DI49_3837,1.80e-32
DI49_1879,DI49_3216,1.80e-32
DI49_1879,DI49_2866,1.80e-32
DI49_1879,DI49_2786,1.80e-32
DI49_1879,DI49_1990,1.80e-32
DI49_1879,DI49_1915,1.80e-32
DI49_1879,DI49_2698,8.44e-26
DI49_1915,DI49_5287,1.80e-32
DI49_1915,DI49_4098,1.80e-32
DI49_1915,DI49_3837,1.80e-32
DI49_1915,DI49_3216,1.80e-32
DI49_1915,DI49_2866,1.80e-32
DI49_1915,DI49_2786,1.80e-32
DI49_1915,DI49_1990,1.80e-32
DI49_1915,DI49_2698,8.44e-26
DI49_1916,DI49_4323,1.80e-32
DI49_1916,DI49_3227,1.80e-32
DI49_1916,DI49_2980,1.80e-32
DI49_1916,DI49_2128,1.80e-32
DI49_1916,DI49_2083,1.80e-32
DI49_1916,DI49_2971,2.33e-31
DI49_1916,DI49_4020,1.08e-29
DI49_1921,DI49_4248,1.45e-33
DI49_1921,DI49_4166,1.45e-33
DI49_1921,DI49_4139,1.45e-33
DI49_1921,DI49_3782,1.45e-33
DI49_1921,DI49_3339,1.45e-33
DI49_1921,DI49_3303,1.45e-33
DI49_1921,DI49_2983,1.45e-33
DI49_1921,DI49_5010,1.45e-33
DI49_1921,DI49_4840,1.45e-33
DI49_1921,DI49_2125,1.45e-33
DI49_1927,DI49_4635,6.72e-54
DI49_1927,DI49_5686,4.13e-51
DI49_1927,DI49_4803,4.13e-51
DI49_1927,DI49_4207,4.13e-51
DI49_1927,DI49_3757,4.13e-51
DI49_1927,DI49_3382,4.13e-51
DI49_1927,DI49_2147,2.54e-48
DI49_1933,DI49_5687,4.73e-39
DI49_1933,DI49_4788,4.73e-39
DI49_1933,DI49_3916,4.73e-39
DI49_1933,DI49_3192,4.73e-39
DI49_1933,DI49_3011,4.73e-39
DI49_1939,DI49_5486,4.11e-40
DI49_1939,DI49_5457,4.11e-40
DI49_1939,DI49_2529,4.11e-40
DI49_1939,DI49_2475,1.91e-38
DI49_1939,DI49_4130,1.91e-38
DI49_1939,DI49_4603,1.93e-33
DI49_1986,DI49_4675,1.80e-32
DI49_1986,DI49_4187,1.80e-32
DI49_1986,DI49_3665,1.80e-32
DI49_1986,DI49_3410,1.80e-32
DI49_1986,DI49_3067,1.80e-32
DI49_1986,DI49_2979,1.80e-32
DI49_1986,DI49_2972,1.80e-32
DI49_1986,DI49_2769,1.80e-32
DI49_1986,DI49_2763,1.80e-32
DI49_1986,DI49_4966,1.80e-32
DI49_1986,DI49_1992,1.80e-32
DI49_1986,DI49_3835,2.33e-31
DI49_1986,DI49_2907,8.38e-31
DI49_1990,DI49_5287,1.80e-32
DI49_1990,DI49_4098,1.80e-32
DI49_1990,DI49_3837,1.80e-32
DI49_1990,DI49_3216,1.80e-32
DI49_1990,DI49_2866,1.80e-32
DI49_1990,DI49_2786,1.80e-32
DI49_1990,DI49_2698,8.44e-26
DI49_1992,DI49_4675,1.80e-32
DI49_1992,DI49_4187,1.80e-32
DI49_1992,DI49_3665,1.80e-32
DI49_1992,DI49_3410,1.80e-32
DI49_1992,DI49_3067,1.80e-32
DI49_1992,DI49_2979,1.80e-32
DI49_1992,DI49_2972,1.80e-32
DI49_1992,DI49_2769,1.80e-32
DI49_1992,DI49_2763,1.80e-32
DI49_1992,DI49_4966,1.80e-32
DI49_1992,DI49_3835,2.33e-31
DI49_1992,DI49_2907,8.38e-31
DI49_2002,DI49_4419,5.93e-38
DI49_2002,DI49_4084,5.93e-38
DI49_2002,DI49_3538,5.93e-38
DI49_2002,DI49_3054,5.93e-38
DI49_2002,DI49_2818,5.93e-38
DI49_2002,DI49_4864,5.93e-38
DI49_2048,DI49_5553,1.80e-32
DI49_2048,DI49_2582,1.80e-32
DI49_2048,DI49_2220,1.80e-32
DI49_2067,DI49_5564,4.25e-45
DI49_2067,DI49_3878,4.25e-45
DI49_2067,DI49_3443,4.25e-45
DI49_2067,DI49_4900,4.25e-45
DI49_2070,DI49_5400,1.80e-32
DI49_2070,DI49_5567,8.38e-31
DI49_2080,DI49_5581,1.45e-33
DI49_2080,DI49_2350,1.45e-33
DI49_2080,DI49_4737,1.45e-33
DI49_2080,DI49_4464,1.45e-33
DI49_2080,DI49_3922,1.45e-33
DI49_2080,DI49_3185,1.45e-33
DI49_2080,DI49_4925,1.45e-33
DI49_2083,DI49_4323,1.80e-32
DI49_2083,DI49_3227,1.80e-32
DI49_2083,DI49_2980,1.80e-32
DI49_2083,DI49_2128,1.80e-32
DI49_2083,DI49_2971,2.33e-31
DI49_2083,DI49_4020,1.08e-29
DI49_2085,DI49_5614,1.45e-33
DI49_2085,DI49_5587,1.45e-33
DI49_2085,DI49_4720,1.45e-33
DI49_2085,DI49_4701,1.45e-33
DI49_2085,DI49_3948,1.45e-33
DI49_2085,DI49_3808,1.45e-33
DI49_2085,DI49_2703,1.45e-33
DI49_2085,DI49_2690,1.45e-33
DI49_2104,DI49_5601,5.10e-33
DI49_2104,DI49_5415,5.10e-33
DI49_2104,DI49_2428,5.10e-33
DI49_2104,DI49_4333,5.10e-33
DI49_2104,DI49_4111,5.10e-33
DI49_2104,DI49_3767,5.10e-33
DI49_2104,DI49_3412,5.10e-33
DI49_2104,DI49_3260,5.10e-33
DI49_2104,DI49_2905,5.10e-33
DI49_2106,DI49_2297,1.80e-32
DI49_2106,DI49_4462,1.80e-32
DI49_2115,DI49_3564,5.10e-33
DI49_2115,DI49_5108,5.10e-33
DI49_2125,DI49_4248,1.45e-33
DI49_2125,DI49_4166,1.45e-33
DI49_2125,DI49_4139,1.45e-33
DI49_2125,DI49_3782,1.45e-33
DI49_2125,DI49_3339,1.45e-33
DI49_2125,DI49_3303,1.45e-33
DI49_2125,DI49_2983,1.45e-33
DI49_2125,DI49_5010,1.45e-33
DI49_2125,DI49_4840,1.45e-33
DI49_2128,DI49_4323,1.80e-32
DI49_2128,DI49_3227,1.80e-32
DI49_2128,DI49_2980,1.80e-32
DI49_2128,DI49_2971,2.33e-31
DI49_2128,DI49_4020,1.08e-29
DI49_2139,DI49_5603,6.35e-32
DI49_2139,DI49_5464,6.35e-32
DI49_2139,DI49_2379,6.35e-32
DI49_2139,DI49_2349,6.35e-32
DI49_2139,DI49_4047,6.35e-32
DI49_2139,DI49_3060,6.35e-32
DI49_2139,DI49_2996,6.35e-32
DI49_2139,DI49_2185,6.35e-32
DI49_2147,DI49_5686,3.19e-52
DI49_2147,DI49_4803,3.19e-52
DI49_2147,DI49_4207,3.19e-52
DI49_2147,DI49_3757,3.19e-52
DI49_2147,DI49_3382,3.19e-52
DI49_2147,DI49_4635,2.44e-48
DI49_2155,DI49_5468,5.10e-33
DI49_2155,DI49_4195,5.10e-33
DI49_2155,DI49_3251,5.10e-33
DI49_2155,DI49_3005,5.10e-33
DI49_2155,DI49_2749,5.10e-33
DI49_2157,DI49_5211,1.36e-45
DI49_2157,DI49_4141,1.34e-45
DI49_2157,DI49_3301,1.36e-45
DI49_2157,DI49_3006,1.34e-45
DI49_2185,DI49_5603,6.35e-32
DI49_2185,DI49_5464,6.35e-32
DI49_2185,DI49_2379,6.35e-32
DI49_2185,DI49_2349,6.35e-32
DI49_2185,DI49_4047,6.35e-32
DI49_2185,DI49_3060,6.35e-32
DI49_2185,DI49_2996,6.35e-32
DI49_2220,DI49_5553,1.80e-32
DI49_2220,DI49_2582,1.80e-32
DI49_4825,DI49_4134,1.80e-32
DI49_4825,DI49_3306,1.80e-32
DI49_4840,DI49_4248,1.45e-33
DI49_4840,DI49_4166,1.45e-33
DI49_4840,DI49_4139,1.45e-33
DI49_4840,DI49_3782,1.45e-33
DI49_4840,DI49_3339,1.45e-33
DI49_4840,DI49_3303,1.45e-33
DI49_4840,DI49_2983,1.45e-33
DI49_4840,DI49_5010,1.45e-33
DI49_4855,DI49_2415,5.10e-33
DI49_4855,DI49_2300,5.10e-33
DI49_4855,DI49_4802,5.10e-33
DI49_4855,DI49_4690,5.10e-33
DI49_4855,DI49_4466,5.10e-33
DI49_4855,DI49_2833,5.10e-33
DI49_4855,DI49_2764,5.10e-33
DI49_4855,DI49_2684,5.10e-33
DI49_4864,DI49_4419,5.93e-38
DI49_4864,DI49_4084,5.93e-38
DI49_4864,DI49_3538,5.93e-38
DI49_4864,DI49_3054,5.93e-38
DI49_4864,DI49_2818,5.93e-38
DI49_4900,DI49_5564,4.25e-45
DI49_4900,DI49_3878,4.25e-45
DI49_4900,DI49_3443,4.25e-45
DI49_4914,DI49_4699,6.19e-49
DI49_4914,DI49_4687,6.19e-49
DI49_4914,DI49_2548,6.24e-44
DI49_4914,DI49_4051,6.28e-39
DI49_4914,DI49_3505,2.96e-37
DI49_4914,DI49_2389,1.36e-35
DI49_4914,DI49_5158,2.94e-32
DI49_4925,DI49_5581,1.45e-33
DI49_4925,DI49_2350,1.45e-33
DI49_4925,DI49_4737,1.45e-33
DI49_4925,DI49_4464,1.45e-33
DI49_4925,DI49_3922,1.45e-33
DI49_4925,DI49_3185,1.45e-33
DI49_4966,DI49_4675,1.80e-32
DI49_4966,DI49_4187,1.80e-32
DI49_4966,DI49_3665,1.80e-32
DI49_4966,DI49_3410,1.80e-32
DI49_4966,DI49_3067,1.80e-32
DI49_4966,DI49_2979,1.80e-32
DI49_4966,DI49_2972,1.80e-32
DI49_4966,DI49_2769,1.80e-32
DI49_4966,DI49_2763,1.80e-32
DI49_4966,DI49_3835,2.33e-31
DI49_4966,DI49_2907,8.38e-31
DI49_5010,DI49_4248,1.45e-33
DI49_5010,DI49_4166,1.45e-33
DI49_5010,DI49_4139,1.45e-33
DI49_5010,DI49_3782,1.45e-33
DI49_5010,DI49_3339,1.45e-33
DI49_5010,DI49_3303,1.45e-33
DI49_5010,DI49_2983,1.45e-33
DI49_5023,DI49_5351,1.80e-32
DI49_5023,DI49_3050,1.80e-32
DI49_5108,DI49_3564,5.10e-33
DI49_5155,DI49_4243,5.10e-33
DI49_5155,DI49_3009,5.10e-33
DI49_5155,DI49_2991,5.10e-33
DI49_5158,DI49_2389,6.28e-39
DI49_5158,DI49_4051,2.92e-37
DI49_5158,DI49_4699,2.94e-32
DI49_5158,DI49_4687,2.94e-32
DI49_5158,DI49_2548,1.38e-25
DI49_5158,DI49_3505,3.02e-22
DI49_2684,DI49_2415,5.10e-33
DI49_2684,DI49_2300,5.10e-33
DI49_2684,DI49_4802,5.10e-33
DI49_2684,DI49_4690,5.10e-33
DI49_2684,DI49_4466,5.10e-33
DI49_2684,DI49_2833,5.10e-33
DI49_2684,DI49_2764,5.10e-33
DI49_2690,DI49_5614,1.45e-33
DI49_2690,DI49_5587,1.45e-33
DI49_2690,DI49_4720,1.45e-33
DI49_2690,DI49_4701,1.45e-33
DI49_2690,DI49_3948,1.45e-33
DI49_2690,DI49_3808,1.45e-33
DI49_2690,DI49_2703,1.45e-33
DI49_2698,DI49_5287,8.44e-26
DI49_2698,DI49_4098,8.44e-26
DI49_2698,DI49_3837,8.44e-26
DI49_2698,DI49_3216,8.44e-26
DI49_2698,DI49_2866,8.44e-26
DI49_2698,DI49_2786,8.44e-26
DI49_2703,DI49_5614,1.45e-33
DI49_2703,DI49_5587,1.45e-33
DI49_2703,DI49_4720,1.45e-33
DI49_2703,DI49_4701,1.45e-33
DI49_2703,DI49_3948,1.45e-33
DI49_2703,DI49_3808,1.45e-33
DI49_2724,DI49_5523,5.93e-38
DI49_2749,DI49_5468,5.10e-33
DI49_2749,DI49_4195,5.10e-33
DI49_2749,DI49_3251,5.10e-33
DI49_2749,DI49_3005,5.10e-33
DI49_2763,DI49_4675,1.80e-32
DI49_2763,DI49_4187,1.80e-32
DI49_2763,DI49_3665,1.80e-32
DI49_2763,DI49_3410,1.80e-32
DI49_2763,DI49_3067,1.80e-32
DI49_2763,DI49_2979,1.80e-32
DI49_2763,DI49_2972,1.80e-32
DI49_2763,DI49_2769,1.80e-32
DI49_2763,DI49_3835,2.33e-31
DI49_2763,DI49_2907,8.38e-31
DI49_2764,DI49_2415,5.10e-33
DI49_2764,DI49_2300,5.10e-33
DI49_2764,DI49_4802,5.10e-33
DI49_2764,DI49_4690,5.10e-33
DI49_2764,DI49_4466,5.10e-33
DI49_2764,DI49_2833,5.10e-33
DI49_2769,DI49_4675,1.80e-32
DI49_2769,DI49_4187,1.80e-32
DI49_2769,DI49_3665,1.80e-32
DI49_2769,DI49_3410,1.80e-32
DI49_2769,DI49_3067,1.80e-32
DI49_2769,DI49_2979,1.80e-32
DI49_2769,DI49_2972,1.80e-32
DI49_2769,DI49_3835,2.33e-31
DI49_2769,DI49_2907,8.38e-31
DI49_2786,DI49_5287,1.80e-32
DI49_2786,DI49_4098,1.80e-32
DI49_2786,DI49_3837,1.80e-32
DI49_2786,DI49_3216,1.80e-32
DI49_2786,DI49_2866,1.80e-32
DI49_2818,DI49_4419,5.93e-38
DI49_2818,DI49_4084,5.93e-38
DI49_2818,DI49_3538,5.93e-38
DI49_2818,DI49_3054,5.93e-38
DI49_2833,DI49_2415,5.10e-33
DI49_2833,DI49_2300,5.10e-33
DI49_2833,DI49_4802,5.10e-33
DI49_2833,DI49_4690,5.10e-33
DI49_2833,DI49_4466,5.10e-33
DI49_2866,DI49_5287,1.80e-32
DI49_2866,DI49_4098,1.80e-32
DI49_2866,DI49_3837,1.80e-32
DI49_2866,DI49_3216,1.80e-32
DI49_2905,DI49_5601,5.10e-33
DI49_2905,DI49_5415,5.10e-33
DI49_2905,DI49_2428,5.10e-33
DI49_2905,DI49_4333,5.10e-33
DI49_2905,DI49_4111,5.10e-33
DI49_2905,DI49_3767,5.10e-33
DI49_2905,DI49_3412,5.10e-33
DI49_2905,DI49_3260,5.10e-33
DI49_2907,DI49_4675,8.38e-31
DI49_2907,DI49_4187,8.38e-31
DI49_2907,DI49_3665,8.38e-31
DI49_2907,DI49_3410,8.38e-31
DI49_2907,DI49_3067,8.38e-31
DI49_2907,DI49_2979,8.38e-31
DI49_2907,DI49_2972,8.38e-31
DI49_2907,DI49_3835,1.08e-29
DI49_2918,DI49_2410,1.10e-29
DI49_2918,DI49_3639,1.10e-29
DI49_2918,DI49_3399,1.10e-29
DI49_2970,DI49_2382,8.47e-42
DI49_2970,DI49_4370,8.47e-42
DI49_2970,DI49_4038,8.47e-42
DI49_2970,DI49_3069,8.47e-42
DI49_2971,DI49_4323,2.33e-31
DI49_2971,DI49_3227,2.33e-31
DI49_2971,DI49_2980,2.33e-31
DI49_2971,DI49_4020,1.40e-28
DI49_2972,DI49_4675,1.80e-32
DI49_2972,DI49_4187,1.80e-32
DI49_2972,DI49_3665,1.80e-32
DI49_2972,DI49_3410,1.80e-32
DI49_2972,DI49_3067,1.80e-32
DI49_2972,DI49_2979,1.80e-32
DI49_2972,DI49_3835,2.33e-31
DI49_2979,DI49_4675,1.80e-32
DI49_2979,DI49_4187,1.80e-32
DI49_2979,DI49_3665,1.80e-32
DI49_2979,DI49_3410,1.80e-32
DI49_2979,DI49_3067,1.80e-32
DI49_2979,DI49_3835,2.33e-31
DI49_2980,DI49_4323,1.80e-32
DI49_2980,DI49_3227,1.80e-32
DI49_2980,DI49_4020,1.08e-29
DI49_2983,DI49_4248,1.45e-33
DI49_2983,DI49_4166,1.45e-33
DI49_2983,DI49_4139,1.45e-33
DI49_2983,DI49_3782,1.45e-33
DI49_2983,DI49_3339,1.45e-33
DI49_2983,DI49_3303,1.45e-33
DI49_2991,DI49_4243,5.10e-33
DI49_2991,DI49_3009,5.10e-33
DI49_2996,DI49_5603,6.35e-32
DI49_2996,DI49_5464,6.35e-32
DI49_2996,DI49_2379,6.35e-32
DI49_2996,DI49_2349,6.35e-32
DI49_2996,DI49_4047,6.35e-32
DI49_2996,DI49_3060,6.35e-32
DI49_3005,DI49_5468,5.10e-33
DI49_3005,DI49_4195,5.10e-33
DI49_3005,DI49_3251,5.10e-33
DI49_3006,DI49_5211,2.91e-47
DI49_3006,DI49_4141,2.88e-47
DI49_3006,DI49_3301,2.91e-47
DI49_3009,DI49_4243,5.10e-33
DI49_3011,DI49_5687,4.73e-39
DI49_3011,DI49_4788,4.73e-39
DI49_3011,DI49_3916,4.73e-39
DI49_3011,DI49_3192,4.73e-39
DI49_3050,DI49_5351,1.80e-32
DI49_3054,DI49_4419,5.93e-38
DI49_3054,DI49_4084,5.93e-38
DI49_3054,DI49_3538,5.93e-38
DI49_3060,DI49_5603,6.35e-32
DI49_3060,DI49_5464,6.35e-32
DI49_3060,DI49_2379,6.35e-32
DI49_3060,DI49_2349,6.35e-32
DI49_3060,DI49_4047,6.35e-32
DI49_3067,DI49_4675,1.80e-32
DI49_3067,DI49_4187,1.80e-32
DI49_3067,DI49_3665,1.80e-32
DI49_3067,DI49_3410,1.80e-32
DI49_3067,DI49_3835,2.33e-31
DI49_3069,DI49_2382,8.47e-42
DI49_3069,DI49_4370,8.47e-42
DI49_3069,DI49_4038,8.47e-42
DI49_3110,DI49_3806,9.87e-47
DI49_3185,DI49_5581,1.45e-33
DI49_3185,DI49_2350,1.45e-33
DI49_3185,DI49_4737,1.45e-33
DI49_3185,DI49_4464,1.45e-33
DI49_3185,DI49_3922,1.45e-33
DI49_3192,DI49_5687,4.73e-39
DI49_3192,DI49_4788,4.73e-39
DI49_3192,DI49_3916,4.73e-39
DI49_3216,DI49_5287,1.80e-32
DI49_3216,DI49_4098,1.80e-32
DI49_3216,DI49_3837,1.80e-32
DI49_3227,DI49_4323,1.80e-32
DI49_3227,DI49_4020,1.08e-29
DI49_3251,DI49_5468,5.10e-33
DI49_3251,DI49_4195,5.10e-33
DI49_3260,DI49_5601,5.10e-33
DI49_3260,DI49_5415,5.10e-33
DI49_3260,DI49_2428,5.10e-33
DI49_3260,DI49_4333,5.10e-33
DI49_3260,DI49_4111,5.10e-33
DI49_3260,DI49_3767,5.10e-33
DI49_3260,DI49_3412,5.10e-33
DI49_3301,DI49_5211,3.74e-51
DI49_3301,DI49_4141,6.19e-49
DI49_3303,DI49_4248,1.45e-33
DI49_3303,DI49_4166,1.45e-33
DI49_3303,DI49_4139,1.45e-33
DI49_3303,DI49_3782,1.45e-33
DI49_3303,DI49_3339,1.45e-33
DI49_3306,DI49_4134,1.80e-32
DI49_3339,DI49_4248,1.45e-33
DI49_3339,DI49_4166,1.45e-33
DI49_3339,DI49_4139,1.45e-33
DI49_3339,DI49_3782,1.45e-33
DI49_3382,DI49_5686,1.14e-56
DI49_3382,DI49_4803,1.14e-56
DI49_3382,DI49_4207,1.14e-56
DI49_3382,DI49_3757,1.14e-56
DI49_3382,DI49_4635,8.70e-53
DI49_3399,DI49_2410,5.10e-33
DI49_3399,DI49_3639,5.10e-33
DI49_3410,DI49_4675,1.80e-32
DI49_3410,DI49_4187,1.80e-32
DI49_3410,DI49_3665,1.80e-32
DI49_3410,DI49_3835,2.33e-31
DI49_3412,DI49_5601,5.10e-33
DI49_3412,DI49_5415,5.10e-33
DI49_3412,DI49_2428,5.10e-33
DI49_3412,DI49_4333,5.10e-33
DI49_3412,DI49_4111,5.10e-33
DI49_3412,DI49_3767,5.10e-33
DI49_3443,DI49_5564,4.25e-45
DI49_3443,DI49_3878,4.25e-45
DI49_3505,DI49_2548,6.28e-39
DI49_3505,DI49_4699,1.36e-35
DI49_3505,DI49_4687,1.36e-35
DI49_3505,DI49_4051,2.94e-32
DI49_3505,DI49_2389,2.96e-27
DI49_3538,DI49_4419,5.93e-38
DI49_3538,DI49_4084,5.93e-38
DI49_3639,DI49_2410,5.10e-33
DI49_3665,DI49_4675,1.80e-32
DI49_3665,DI49_4187,1.80e-32
DI49_3665,DI49_3835,2.33e-31
DI49_3680,DI49_2421,1.80e-32
DI49_3680,DI49_4357,1.81e-27
DI49_3757,DI49_5686,1.14e-56
DI49_3757,DI49_4803,1.14e-56
DI49_3757,DI49_4207,1.14e-56
DI49_3757,DI49_4635,8.70e-53
DI49_3767,DI49_5601,5.10e-33
DI49_3767,DI49_5415,5.10e-33
DI49_3767,DI49_2428,5.10e-33
DI49_3767,DI49_4333,5.10e-33
DI49_3767,DI49_4111,5.10e-33
DI49_3782,DI49_4248,1.45e-33
DI49_3782,DI49_4166,1.45e-33
DI49_3782,DI49_4139,1.45e-33
DI49_3808,DI49_5614,1.45e-33
DI49_3808,DI49_5587,1.45e-33
DI49_3808,DI49_4720,1.45e-33
DI49_3808,DI49_4701,1.45e-33
DI49_3808,DI49_3948,1.45e-33
DI49_3830,DI49_2374,2.12e-48
DI49_3835,DI49_4675,2.33e-31
DI49_3835,DI49_4187,2.33e-31
DI49_3837,DI49_5287,1.80e-32
DI49_3837,DI49_4098,1.80e-32
DI49_3878,DI49_5564,4.25e-45
DI49_3916,DI49_5687,4.73e-39
DI49_3916,DI49_4788,4.73e-39
DI49_3922,DI49_5581,1.45e-33
DI49_3922,DI49_2350,1.45e-33
DI49_3922,DI49_4737,1.45e-33
DI49_3922,DI49_4464,1.45e-33
DI49_3948,DI49_5614,1.45e-33
DI49_3948,DI49_5587,1.45e-33
DI49_3948,DI49_4720,1.45e-33
DI49_3948,DI49_4701,1.45e-33
DI49_4020,DI49_4323,1.08e-29
DI49_4038,DI49_2382,8.47e-42
DI49_4038,DI49_4370,8.47e-42
DI49_4047,DI49_5603,6.35e-32
DI49_4047,DI49_5464,6.35e-32
DI49_4047,DI49_2379,6.35e-32
DI49_4047,DI49_2349,6.35e-32
DI49_4051,DI49_2389,2.92e-37
DI49_4051,DI49_4699,2.92e-37
DI49_4051,DI49_4687,2.92e-37
DI49_4051,DI49_2548,2.94e-32
DI49_4084,DI49_4419,5.93e-38
DI49_4098,DI49_5287,1.80e-32
DI49_4111,DI49_5601,5.10e-33
DI49_4111,DI49_5415,5.10e-33
DI49_4111,DI49_2428,5.10e-33
DI49_4111,DI49_4333,5.10e-33
DI49_4130,DI49_2475,8.84e-42
DI49_4130,DI49_2529,4.11e-40
DI49_4130,DI49_5486,1.91e-38
DI49_4130,DI49_5457,1.91e-38
DI49_4130,DI49_4603,1.91e-38
DI49_4139,DI49_4248,1.45e-33
DI49_4139,DI49_4166,1.45e-33
DI49_4141,DI49_5211,6.27e-49
DI49_4166,DI49_4248,1.45e-33
DI49_4187,DI49_4675,1.80e-32
DI49_4195,DI49_5468,5.10e-33
DI49_4207,DI49_5686,1.14e-56
DI49_4207,DI49_4803,1.14e-56
DI49_4207,DI49_4635,8.70e-53
DI49_4333,DI49_5601,5.10e-33
DI49_4333,DI49_5415,5.10e-33
DI49_4333,DI49_2428,5.10e-33
DI49_4357,DI49_2421,1.81e-27
DI49_4370,DI49_2382,8.47e-42
DI49_4462,DI49_2297,1.80e-32
DI49_4464,DI49_5581,1.45e-33
DI49_4464,DI49_2350,1.45e-33
DI49_4464,DI49_4737,1.45e-33
DI49_4466,DI49_2415,5.10e-33
DI49_4466,DI49_2300,5.10e-33
DI49_4466,DI49_4802,5.10e-33
DI49_4466,DI49_4690,5.10e-33
DI49_4603,DI49_2475,1.91e-38
DI49_4603,DI49_2529,8.90e-37
DI49_4603,DI49_5486,4.14e-35
DI49_4603,DI49_5457,4.14e-35
DI49_4635,DI49_5686,8.88e-53
DI49_4635,DI49_4803,8.88e-53
DI49_4687,DI49_4699,1.33e-50
DI49_4687,DI49_2548,2.90e-42
DI49_4687,DI49_2389,1.36e-35
DI49_4690,DI49_2415,5.10e-33
DI49_4690,DI49_2300,5.10e-33
DI49_4690,DI49_4802,5.10e-33
DI49_4699,DI49_2548,2.90e-42
DI49_4699,DI49_2389,1.36e-35
DI49_4701,DI49_5614,1.45e-33
DI49_4701,DI49_5587,1.45e-33
DI49_4701,DI49_4720,1.45e-33
DI49_4720,DI49_5614,1.45e-33
DI49_4720,DI49_5587,1.45e-33
DI49_4737,DI49_5581,1.45e-33
DI49_4737,DI49_2350,1.45e-33
DI49_4788,DI49_5687,4.73e-39
DI49_4802,DI49_2415,5.10e-33
DI49_4802,DI49_2300,5.10e-33
DI49_4803,DI49_5686,1.14e-56
DI49_2300,DI49_2415,5.10e-33
DI49_2349,DI49_5603,6.35e-32
DI49_2349,DI49_5464,6.35e-32
DI49_2349,DI49_2379,6.35e-32
DI49_2350,DI49_5581,1.45e-33
DI49_2379,DI49_5603,6.35e-32
DI49_2379,DI49_5464,6.35e-32
DI49_2389,DI49_2548,1.37e-30
DI49_2428,DI49_5601,5.10e-33
DI49_2428,DI49_5415,5.10e-33
DI49_2475,DI49_2529,8.84e-42
DI49_2475,DI49_5486,4.11e-40
DI49_2475,DI49_5457,4.11e-40
DI49_2529,DI49_5486,8.84e-42
DI49_2529,DI49_5457,8.84e-42
DI49_2582,DI49_5553,1.80e-32
DI49_5400,DI49_5567,8.38e-31
DI49_5415,DI49_5601,5.10e-33
DI49_5457,DI49_5486,1.90e-43
DI49_5464,DI49_5603,6.35e-32
DI49_5587,DI49_5614,1.45e-33
